Ticker,date,value,volume
NasdaqGS:INTC,6/1/2012,25.14,40.25065
NasdaqGS:INTC,6/4/2012,25.04,39.90481
NasdaqGS:INTC,6/5/2012,25.43,29.49124
NasdaqGS:INTC,6/6/2012,26.07,33.55569
NasdaqGS:INTC,6/7/2012,25.94,29.53801
NasdaqGS:INTC,6/8/2012,26.41,26.75337
NasdaqGS:INTC,6/11/2012,25.985,28.04409
NasdaqGS:INTC,6/12/2012,26.52,29.13681
NasdaqGS:INTC,6/13/2012,26.54,30.52028
NasdaqGS:INTC,6/14/2012,26.98,38.30112
NasdaqGS:INTC,6/15/2012,27.34,51.84098
NasdaqGS:INTC,6/18/2012,27.42,30.43958
NasdaqGS:INTC,6/19/2012,27.51,30.06703
NasdaqGS:INTC,6/20/2012,27.64,28.168
NasdaqGS:INTC,6/21/2012,26.71,47.57461
NasdaqGS:INTC,6/22/2012,26.935,100.3606
NasdaqGS:INTC,6/25/2012,26.05,41.78722
NasdaqGS:INTC,6/26/2012,26.005,34.93551
NasdaqGS:INTC,6/27/2012,26.22,23.64421
NasdaqGS:INTC,6/28/2012,25.83,40.16826
NasdaqGS:INTC,6/29/2012,26.65,35.08229
NasdaqGS:INTC,7/2/2012,26.665,21.74108
NasdaqGS:INTC,7/3/2012,26.86,12.51934
NasdaqGS:INTC,7/5/2012,26.55,20.32685
NasdaqGS:INTC,7/6/2012,26.155,32.52405
NasdaqGS:INTC,7/9/2012,26.17,27.91011
NasdaqGS:INTC,7/10/2012,25.56,47.23666
NasdaqGS:INTC,7/11/2012,25.39,34.80915
NasdaqGS:INTC,7/12/2012,24.74,53.15057
NasdaqGS:INTC,7/13/2012,25.25,35.97615
NasdaqGS:INTC,7/16/2012,25.13,36.98923
NasdaqGS:INTC,7/17/2012,25.38,63.63149
NasdaqGS:INTC,7/18/2012,26.21,67.50341
NasdaqGS:INTC,7/19/2012,26.06,36.55976
NasdaqGS:INTC,7/20/2012,25.52,48.84928
NasdaqGS:INTC,7/23/2012,25.26,36.38418
NasdaqGS:INTC,7/24/2012,25.005,33.64408
NasdaqGS:INTC,7/25/2012,25.13,34.4078
NasdaqGS:INTC,7/26/2012,25.5,37.80937
NasdaqGS:INTC,7/27/2012,26.02,33.34527
NasdaqGS:INTC,7/30/2012,25.76,25.88483
NasdaqGS:INTC,7/31/2012,25.7,26.62096
NasdaqGS:INTC,8/1/2012,25.93,29.2132
NasdaqGS:INTC,8/2/2012,25.91,34.31063
NasdaqGS:INTC,8/3/2012,26.23,30.70117
NasdaqGS:INTC,8/6/2012,26.31,24.61943
NasdaqGS:INTC,8/7/2012,26.5,27.07772
NasdaqGS:INTC,8/8/2012,26.6,27.03539
NasdaqGS:INTC,8/9/2012,26.7,26.46832
NasdaqGS:INTC,8/10/2012,26.88,24.93199
NasdaqGS:INTC,8/13/2012,26.69,23.62392
NasdaqGS:INTC,8/14/2012,26.48,27.47726
NasdaqGS:INTC,8/15/2012,26.27,26.08191
NasdaqGS:INTC,8/16/2012,26.59,25.70236
NasdaqGS:INTC,8/17/2012,26.33,30.3799
NasdaqGS:INTC,8/20/2012,26.23,25.60265
NasdaqGS:INTC,8/21/2012,26.11,31.66362
NasdaqGS:INTC,8/22/2012,25.73,33.62935
NasdaqGS:INTC,8/23/2012,25.04,51.40406
NasdaqGS:INTC,8/24/2012,24.91,45.18748
NasdaqGS:INTC,8/27/2012,24.84,34.43421
NasdaqGS:INTC,8/28/2012,25,33.12106
NasdaqGS:INTC,8/29/2012,24.668,60.46674
NasdaqGS:INTC,8/30/2012,24.27,37.18407
NasdaqGS:INTC,8/31/2012,24.83,43.44822
NasdaqGS:INTC,9/4/2012,24.415,40.6963
NasdaqGS:INTC,9/5/2012,24.39,38.60419
NasdaqGS:INTC,9/6/2012,25.095,40.18876
NasdaqGS:INTC,9/7/2012,24.19,86.28948
NasdaqGS:INTC,9/10/2012,23.26,80.5846
NasdaqGS:INTC,9/11/2012,23.34,54.24119
NasdaqGS:INTC,9/12/2012,23.19,44.87248
NasdaqGS:INTC,9/13/2012,23.355,52.99825
NasdaqGS:INTC,9/14/2012,23.37,47.98787
NasdaqGS:INTC,9/17/2012,23.31,36.16987
NasdaqGS:INTC,9/18/2012,23.37,41.95314
NasdaqGS:INTC,9/19/2012,23.15,39.45974
NasdaqGS:INTC,9/20/2012,23.1788,33.08372
NasdaqGS:INTC,9/21/2012,23.125,56.24907
NasdaqGS:INTC,9/24/2012,22.795,48.84853
NasdaqGS:INTC,9/25/2012,22.535,49.53506
NasdaqGS:INTC,9/26/2012,22.645,49.73462
NasdaqGS:INTC,9/27/2012,23.085,43.88065
NasdaqGS:INTC,9/28/2012,22.655,47.92654
NasdaqGS:INTC,10/1/2012,22.755,55.26605
NasdaqGS:INTC,10/2/2012,22.84,36.38934
NasdaqGS:INTC,10/3/2012,22.55,49.77959
NasdaqGS:INTC,10/4/2012,22.465,52.98231
NasdaqGS:INTC,10/5/2012,22.68,38.34836
NasdaqGS:INTC,10/8/2012,22.51,29.70808
NasdaqGS:INTC,10/9/2012,21.9,66.31734
NasdaqGS:INTC,10/10/2012,21.76,47.18881
NasdaqGS:INTC,10/11/2012,21.68,36.81745
NasdaqGS:INTC,10/12/2012,21.4803,46.27794
NasdaqGS:INTC,10/15/2012,21.73,49.51376
NasdaqGS:INTC,10/16/2012,22.35,80.70692
NasdaqGS:INTC,10/17/2012,21.79,99.06199
NasdaqGS:INTC,10/18/2012,21.67,42.92698
NasdaqGS:INTC,10/19/2012,21.265,55.62222
NasdaqGS:INTC,10/22/2012,21.46,36.50178
NasdaqGS:INTC,10/23/2012,21.59,47.20223
NasdaqGS:INTC,10/24/2012,21.46,33.23775
NasdaqGS:INTC,10/25/2012,21.69,79.2342
NasdaqGS:INTC,10/26/2012,21.95,92.41742
NasdaqGS:INTC,10/31/2012,21.63,40.618
NasdaqGS:INTC,11/1/2012,22.26,50.36422
NasdaqGS:INTC,11/2/2012,22.06,51.73756
NasdaqGS:INTC,11/5/2012,21.8391,48.79737
NasdaqGS:INTC,11/6/2012,21.73,49.86293
NasdaqGS:INTC,11/7/2012,20.91,70.9601
NasdaqGS:INTC,11/8/2012,20.83,38.08992
NasdaqGS:INTC,11/9/2012,20.8,35.02148
NasdaqGS:INTC,11/12/2012,20.765,27.26745
NasdaqGS:INTC,11/13/2012,20.28,56.37919
NasdaqGS:INTC,11/14/2012,19.96,58.96121
NasdaqGS:INTC,11/15/2012,20.03,45.74003
NasdaqGS:INTC,11/16/2012,20.19,50.86012
NasdaqGS:INTC,11/19/2012,20.25,69.43379
NasdaqGS:INTC,11/20/2012,19.5132,85.74329
NasdaqGS:INTC,11/21/2012,19.36,95.63599
NasdaqGS:INTC,11/23/2012,19.72,51.7114
NasdaqGS:INTC,11/26/2012,19.885,67.04783
NasdaqGS:INTC,11/27/2012,19.93,44.89811
NasdaqGS:INTC,11/28/2012,20.09,43.22621
NasdaqGS:INTC,11/29/2012,19.53,64.92894
NasdaqGS:INTC,11/30/2012,19.565,51.43751
NasdaqGS:INTC,12/3/2012,19.54,50.6369
NasdaqGS:INTC,12/4/2012,19.9694,57.94569
NasdaqGS:INTC,12/5/2012,19.85,45.85555
NasdaqGS:INTC,12/6/2012,20.16,46.29115
NasdaqGS:INTC,12/7/2012,20.155,41.70465
NasdaqGS:INTC,12/10/2012,20.08,27.2785
NasdaqGS:INTC,12/11/2012,20.65,51.0398
NasdaqGS:INTC,12/12/2012,20.67,48.35787
NasdaqGS:INTC,12/13/2012,20.49,41.6139
NasdaqGS:INTC,12/14/2012,20.5267,34.15387
NasdaqGS:INTC,12/17/2012,20.57,34.96774
NasdaqGS:INTC,12/18/2012,20.96,41.60635
NasdaqGS:INTC,12/19/2012,21.1,52.80657
NasdaqGS:INTC,12/20/2012,21.0293,34.0149
NasdaqGS:INTC,12/21/2012,20.765,62.00228
NasdaqGS:INTC,12/24/2012,20.64,14.20079
NasdaqGS:INTC,12/26/2012,20.65,22.49418
NasdaqGS:INTC,12/27/2012,20.51,31.71223
NasdaqGS:INTC,12/28/2012,20.23,25.90682
NasdaqGS:INTC,12/31/2012,20.62,41.1484
NasdaqGS:INTC,1/2/2013,21.38,47.62971
NasdaqGS:INTC,1/3/2013,21.32,41.06028
NasdaqGS:INTC,1/4/2013,21.16,30.14972
NasdaqGS:INTC,1/7/2013,21.25,36.35589
NasdaqGS:INTC,1/8/2013,21.09,48.67673
NasdaqGS:INTC,1/9/2013,21.45,34.29511
NasdaqGS:INTC,1/10/2013,21.8,44.62967
NasdaqGS:INTC,1/11/2013,22,44.94578
NasdaqGS:INTC,1/14/2013,21.999,35.72449
NasdaqGS:INTC,1/15/2013,21.88,33.99846
NasdaqGS:INTC,1/16/2013,22.11,36.76831
NasdaqGS:INTC,1/17/2013,22.68,101.0196
NasdaqGS:INTC,1/18/2013,21.25,143.76
NasdaqGS:INTC,1/22/2013,21.17,51.12677
NasdaqGS:INTC,1/23/2013,21.11,42.43224
NasdaqGS:INTC,1/24/2013,20.95,58.4054
NasdaqGS:INTC,1/25/2013,20.96,107.6337
NasdaqGS:INTC,1/28/2013,21.05,105.4034
NasdaqGS:INTC,1/29/2013,21.28,105.706
NasdaqGS:INTC,1/30/2013,21.37,34.15346
NasdaqGS:INTC,1/31/2013,21.04,36.53407
NasdaqGS:INTC,2/1/2013,21.355,31.87259
NasdaqGS:INTC,2/4/2013,21.16,38.34556
NasdaqGS:INTC,2/5/2013,21.1784,30.08074
NasdaqGS:INTC,2/6/2013,20.99,32.36707
NasdaqGS:INTC,2/7/2013,20.81,41.01968
NasdaqGS:INTC,2/8/2013,21,28.15532
NasdaqGS:INTC,2/11/2013,21.03,18.90163
NasdaqGS:INTC,2/12/2013,21.19,28.39352
NasdaqGS:INTC,2/13/2013,21.25,21.27246
NasdaqGS:INTC,2/14/2013,21.23,35.26302
NasdaqGS:INTC,2/15/2013,21.115,33.81162
NasdaqGS:INTC,2/19/2013,21.085,31.07376
NasdaqGS:INTC,2/20/2013,20.73,46.11974
NasdaqGS:INTC,2/21/2013,20.25,60.75449
NasdaqGS:INTC,2/22/2013,20.42,34.53768
NasdaqGS:INTC,2/25/2013,20.23,41.52554
NasdaqGS:INTC,2/26/2013,20.58,67.2486
NasdaqGS:INTC,2/27/2013,20.93,46.97024
NasdaqGS:INTC,2/28/2013,20.88,34.81113
NasdaqGS:INTC,3/1/2013,21.03,45.69918
NasdaqGS:INTC,3/4/2013,21.27,47.55403
NasdaqGS:INTC,3/5/2013,21.51,38.80102
NasdaqGS:INTC,3/6/2013,21.75,37.19064
NasdaqGS:INTC,3/7/2013,21.89,42.37993
NasdaqGS:INTC,3/8/2013,21.58,44.99795
NasdaqGS:INTC,3/11/2013,21.69,42.15198
NasdaqGS:INTC,3/12/2013,21.64,28.61868
NasdaqGS:INTC,3/13/2013,21.655,24.61782
NasdaqGS:INTC,3/14/2013,21.65,28.83785
NasdaqGS:INTC,3/15/2013,21.375,52.955
NasdaqGS:INTC,3/18/2013,21.26,35.18825
NasdaqGS:INTC,3/19/2013,21.14,42.54939
NasdaqGS:INTC,3/20/2013,21.18,29.91896
NasdaqGS:INTC,3/21/2013,21.04,32.60751
NasdaqGS:INTC,3/22/2013,21.33,30.80319
NasdaqGS:INTC,3/25/2013,21.15,32.74103
NasdaqGS:INTC,3/26/2013,21.765,39.55369
NasdaqGS:INTC,3/27/2013,21.83,45.37844
NasdaqGS:INTC,3/28/2013,21.835,33.3387
NasdaqGS:INTC,4/1/2013,21.43,33.72227
NasdaqGS:INTC,4/2/2013,21.455,28.16803
NasdaqGS:INTC,4/3/2013,21.05,36.62073
NasdaqGS:INTC,4/4/2013,21.135,28.70362
NasdaqGS:INTC,4/5/2013,20.94,36.72444
NasdaqGS:INTC,4/8/2013,21.09,34.21469
NasdaqGS:INTC,4/9/2013,21.75,61.52274
NasdaqGS:INTC,4/10/2013,22.26,67.10282
NasdaqGS:INTC,4/11/2013,21.825,59.29977
NasdaqGS:INTC,4/12/2013,21.675,34.03479
NasdaqGS:INTC,4/15/2013,21.38,38.45914
NasdaqGS:INTC,4/16/2013,21.915,64.76691
NasdaqGS:INTC,4/17/2013,21.93,79.46364
NasdaqGS:INTC,4/18/2013,22.24,76.23804
NasdaqGS:INTC,4/19/2013,22.44,49.10381
NasdaqGS:INTC,4/22/2013,22.88,52.8198
NasdaqGS:INTC,4/23/2013,23.375,62.49402
NasdaqGS:INTC,4/24/2013,23.66,54.28764
NasdaqGS:INTC,4/25/2013,23.38,109.1817
NasdaqGS:INTC,4/26/2013,23.4,101.3791
NasdaqGS:INTC,4/29/2013,23.76,102.1458
NasdaqGS:INTC,4/30/2013,23.95,41.47115
NasdaqGS:INTC,5/1/2013,23.99,38.37373
NasdaqGS:INTC,5/2/2013,24.11,33.49427
NasdaqGS:INTC,5/3/2013,23.96,30.08635
NasdaqGS:INTC,5/6/2013,23.91,31.00908
NasdaqGS:INTC,5/7/2013,24.15,38.60552
NasdaqGS:INTC,5/8/2013,24.25,24.90324
NasdaqGS:INTC,5/9/2013,24.36,31.33627
NasdaqGS:INTC,5/10/2013,24.5,22.55954
NasdaqGS:INTC,5/13/2013,24.08,28.53519
NasdaqGS:INTC,5/14/2013,23.84,36.69747
NasdaqGS:INTC,5/15/2013,24.2,33.5702
NasdaqGS:INTC,5/16/2013,23.94,29.81525
NasdaqGS:INTC,5/17/2013,24.04,36.27825
NasdaqGS:INTC,5/20/2013,24.08,31.32616
NasdaqGS:INTC,5/21/2013,24.15,37.91997
NasdaqGS:INTC,5/22/2013,24.07,49.68925
NasdaqGS:INTC,5/23/2013,24.05,38.13645
NasdaqGS:INTC,5/24/2013,23.923,30.86305
NasdaqGS:INTC,5/28/2013,24.08,31.15832
NasdaqGS:INTC,5/29/2013,24.27,31.65426
NasdaqGS:INTC,5/30/2013,24.21,26.30693
NasdaqGS:INTC,5/31/2013,24.28,47.79667
NasdaqGS:INTC,6/3/2013,25.24,76.49342
NasdaqGS:INTC,6/4/2013,25.36,68.52405
NasdaqGS:INTC,6/5/2013,24.7,53.34357
NasdaqGS:INTC,6/6/2013,24.65,40.02669
NasdaqGS:INTC,6/7/2013,24.59,35.54356
NasdaqGS:INTC,6/10/2013,25.01,29.78377
NasdaqGS:INTC,6/11/2013,24.71,27.07957
NasdaqGS:INTC,6/12/2013,24.46,24.53838
NasdaqGS:INTC,6/13/2013,24.99,27.70996
NasdaqGS:INTC,6/14/2013,24.92,24.7627
NasdaqGS:INTC,6/17/2013,25.1,42.65301
NasdaqGS:INTC,6/18/2013,25.465,36.67735
NasdaqGS:INTC,6/19/2013,25,28.85012
NasdaqGS:INTC,6/20/2013,24.185,63.56938
NasdaqGS:INTC,6/21/2013,24.195,67.75396
NasdaqGS:INTC,6/24/2013,23.58,49.15022
NasdaqGS:INTC,6/25/2013,23.88,34.57145
NasdaqGS:INTC,6/26/2013,24.005,33.64791
NasdaqGS:INTC,6/27/2013,24.05,25.56555
NasdaqGS:INTC,6/28/2013,24.23,80.41382
NasdaqGS:INTC,7/1/2013,23.886,29.70149
NasdaqGS:INTC,7/2/2013,23.72,28.29357
NasdaqGS:INTC,7/3/2013,23.762,18.16716
NasdaqGS:INTC,7/5/2013,24.06,17.83783
NasdaqGS:INTC,7/8/2013,23.185,68.8324
NasdaqGS:INTC,7/9/2013,23.135,34.74778
NasdaqGS:INTC,7/10/2013,23.25,50.03746
NasdaqGS:INTC,7/11/2013,23.99,41.31591
NasdaqGS:INTC,7/12/2013,23.9,34.56331
NasdaqGS:INTC,7/15/2013,23.94,25.65075
NasdaqGS:INTC,7/16/2013,24.25,34.49929
NasdaqGS:INTC,7/17/2013,24.15,44.08411
NasdaqGS:INTC,7/18/2013,23.244,77.86388
NasdaqGS:INTC,7/19/2013,23.04,45.87574
NasdaqGS:INTC,7/22/2013,22.77,35.89088
NasdaqGS:INTC,7/23/2013,22.75,28.52365
NasdaqGS:INTC,7/24/2013,22.93,33.43262
NasdaqGS:INTC,7/25/2013,23.06,114.5669
NasdaqGS:INTC,7/26/2013,23.26,110.4796
NasdaqGS:INTC,7/29/2013,23.24,85.54354
NasdaqGS:INTC,7/30/2013,23.38,28.85812
NasdaqGS:INTC,7/31/2013,23.335,27.68041
NasdaqGS:INTC,8/1/2013,23.2,37.83263
NasdaqGS:INTC,8/2/2013,23.22,36.2421
NasdaqGS:INTC,8/5/2013,22.924,20.87572
NasdaqGS:INTC,8/6/2013,22.8,28.84711
NasdaqGS:INTC,8/7/2013,22.7,23.3509
NasdaqGS:INTC,8/8/2013,22.45,34.7969
NasdaqGS:INTC,8/9/2013,22.51,25.14626
NasdaqGS:INTC,8/12/2013,22.64,23.52157
NasdaqGS:INTC,8/13/2013,22.52,26.10171
NasdaqGS:INTC,8/14/2013,22.57,23.20247
NasdaqGS:INTC,8/15/2013,22.03,40.45113
NasdaqGS:INTC,8/16/2013,21.915,30.08655
NasdaqGS:INTC,8/19/2013,22.28,43.41905
NasdaqGS:INTC,8/20/2013,22.523,32.0843
NasdaqGS:INTC,8/21/2013,22.17,32.4033
NasdaqGS:INTC,8/22/2013,22.26,17.38059
NasdaqGS:INTC,8/23/2013,22.44,23.08869
NasdaqGS:INTC,8/26/2013,22.275,22.26772
NasdaqGS:INTC,8/27/2013,22.191,37.63847
NasdaqGS:INTC,8/28/2013,22.285,28.09178
NasdaqGS:INTC,8/29/2013,22.06,28.30822
NasdaqGS:INTC,8/30/2013,21.98,33.89625
NasdaqGS:INTC,9/3/2013,22.067,26.42834
NasdaqGS:INTC,9/4/2013,22.635,37.95141
NasdaqGS:INTC,9/5/2013,22.6,22.55273
NasdaqGS:INTC,9/6/2013,22.67,27.61049
NasdaqGS:INTC,9/9/2013,22.91,27.77056
NasdaqGS:INTC,9/10/2013,22.985,31.70777
NasdaqGS:INTC,9/11/2013,22.81,45.81811
NasdaqGS:INTC,9/12/2013,22.63,29.51915
NasdaqGS:INTC,9/13/2013,23.44,61.13477
NasdaqGS:INTC,9/16/2013,23.39,30.25685
NasdaqGS:INTC,9/17/2013,23.74,37.54066
NasdaqGS:INTC,9/18/2013,23.9,31.9842
NasdaqGS:INTC,9/19/2013,23.915,28.2614
NasdaqGS:INTC,9/20/2013,23.769,47.06898
NasdaqGS:INTC,9/23/2013,23.62,22.44156
NasdaqGS:INTC,9/24/2013,23.705,24.41008
NasdaqGS:INTC,9/25/2013,23.7,19.87986
NasdaqGS:INTC,9/26/2013,23.41,32.00327
NasdaqGS:INTC,9/27/2013,22.98,28.92778
NasdaqGS:INTC,9/30/2013,22.921,32.48965
NasdaqGS:INTC,10/1/2013,22.83,25.88878
NasdaqGS:INTC,10/2/2013,22.885,23.21265
NasdaqGS:INTC,10/3/2013,22.6,34.88854
NasdaqGS:INTC,10/4/2013,22.81,22.55085
NasdaqGS:INTC,10/7/2013,22.83,21.3299
NasdaqGS:INTC,10/8/2013,22.48,36.11119
NasdaqGS:INTC,10/9/2013,22.59,40.4354
NasdaqGS:INTC,10/10/2013,23.1,39.18945
NasdaqGS:INTC,10/11/2013,23.255,24.55062
NasdaqGS:INTC,10/14/2013,23.45,27.17674
NasdaqGS:INTC,10/15/2013,23.39,42.95766
NasdaqGS:INTC,10/16/2013,23.695,47.72344
NasdaqGS:INTC,10/17/2013,23.92,28.69488
NasdaqGS:INTC,10/18/2013,23.875,29.57908
NasdaqGS:INTC,10/21/2013,24.135,35.29756
NasdaqGS:INTC,10/22/2013,24.071,29.01079
NasdaqGS:INTC,10/23/2013,23.735,31.65106
NasdaqGS:INTC,10/24/2013,23.78,47.59018
NasdaqGS:INTC,10/25/2013,24.235,59.63467
NasdaqGS:INTC,10/28/2013,24.36,65.58163
NasdaqGS:INTC,10/29/2013,24.523,29.96175
NasdaqGS:INTC,10/30/2013,24.495,24.09616
NasdaqGS:INTC,10/31/2013,24.47,30.90203
NasdaqGS:INTC,11/1/2013,24.325,28.30594
NasdaqGS:INTC,11/4/2013,24.255,26.63982
NasdaqGS:INTC,11/5/2013,24.03,22.84992
NasdaqGS:INTC,11/6/2013,24.245,25.52573
NasdaqGS:INTC,11/7/2013,24.059,25.63106
NasdaqGS:INTC,11/8/2013,24.09,31.5029
NasdaqGS:INTC,11/11/2013,24.169,19.23675
NasdaqGS:INTC,11/12/2013,24.43,37.81602
NasdaqGS:INTC,11/13/2013,24.6,22.99032
NasdaqGS:INTC,11/14/2013,24.385,20.19893
NasdaqGS:INTC,11/15/2013,24.52,22.86645
NasdaqGS:INTC,11/18/2013,24.6,24.71248
NasdaqGS:INTC,11/19/2013,24.7,24.8702
NasdaqGS:INTC,11/20/2013,24.56,20.28875
NasdaqGS:INTC,11/21/2013,25.23,44.05058
NasdaqGS:INTC,11/22/2013,23.87,77.90814
NasdaqGS:INTC,11/25/2013,23.75,43.39404
NasdaqGS:INTC,11/26/2013,23.65,30.60271
NasdaqGS:INTC,11/27/2013,23.9,28.41916
NasdaqGS:INTC,11/29/2013,23.84,13.80287
NasdaqGS:INTC,12/2/2013,23.7,25.68674
NasdaqGS:INTC,12/3/2013,23.55,35.07218
NasdaqGS:INTC,12/4/2013,23.74,43.50147
NasdaqGS:INTC,12/5/2013,24.26,45.40493
NasdaqGS:INTC,12/6/2013,24.82,53.87456
NasdaqGS:INTC,12/9/2013,24.931,29.61836
NasdaqGS:INTC,12/10/2013,24.82,18.20367
NasdaqGS:INTC,12/11/2013,24.42,24.68242
NasdaqGS:INTC,12/12/2013,24.47,21.91782
NasdaqGS:INTC,12/13/2013,24.29,20.63429
NasdaqGS:INTC,12/16/2013,24.45,25.06119
NasdaqGS:INTC,12/17/2013,24.655,28.16524
NasdaqGS:INTC,12/18/2013,25.15,42.68695
NasdaqGS:INTC,12/19/2013,25.14,31.88065
NasdaqGS:INTC,12/20/2013,25.055,55.38398
NasdaqGS:INTC,12/23/2013,25.32,28.12081
NasdaqGS:INTC,12/24/2013,25.43,12.15788
NasdaqGS:INTC,12/26/2013,25.7,16.95854
NasdaqGS:INTC,12/27/2013,25.6,12.97278
NasdaqGS:INTC,12/30/2013,25.85,19.78891
NasdaqGS:INTC,12/31/2013,25.955,22.80968
NasdaqGS:INTC,1/2/2014,25.79,31.8437
NasdaqGS:INTC,1/3/2014,25.78,27.80387
NasdaqGS:INTC,1/6/2014,25.46,31.8318
NasdaqGS:INTC,1/7/2014,25.585,19.68484
NasdaqGS:INTC,1/8/2014,25.43,29.68508
NasdaqGS:INTC,1/9/2014,25.31,20.8885
NasdaqGS:INTC,1/10/2014,25.53,30.62099
NasdaqGS:INTC,1/13/2014,25.5,40.30483
NasdaqGS:INTC,1/14/2014,26.51,74.15816
NasdaqGS:INTC,1/15/2014,26.67,58.31524
NasdaqGS:INTC,1/16/2014,26.54,49.52175
NasdaqGS:INTC,1/17/2014,25.85,112.538
NasdaqGS:INTC,1/21/2014,25.59,42.3255
NasdaqGS:INTC,1/22/2014,25.31,48.7978
NasdaqGS:INTC,1/23/2014,25.13,40.28105
NasdaqGS:INTC,1/24/2014,24.81,35.20063
NasdaqGS:INTC,1/27/2014,24.72,32.5825
NasdaqGS:INTC,1/28/2014,24.9,32.48556
NasdaqGS:INTC,1/29/2014,24.68,27.18005
NasdaqGS:INTC,1/30/2014,24.74,24.62411
NasdaqGS:INTC,1/31/2014,24.54,28.85818
NasdaqGS:INTC,2/3/2014,23.95,52.92817
NasdaqGS:INTC,2/4/2014,23.82,50.88809
NasdaqGS:INTC,2/5/2014,23.52,32.48459
NasdaqGS:INTC,2/6/2014,23.99,28.04936
NasdaqGS:INTC,2/7/2014,24.205,30.88586
NasdaqGS:INTC,2/10/2014,24.29,24.57179
NasdaqGS:INTC,2/11/2014,24.47,17.94796
NasdaqGS:INTC,2/12/2014,24.55,25.92526
NasdaqGS:INTC,2/13/2014,24.7,22.94004
NasdaqGS:INTC,2/14/2014,24.755,20.59267
NasdaqGS:INTC,2/18/2014,24.76,17.74925
NasdaqGS:INTC,2/19/2014,24.5,25.74362
NasdaqGS:INTC,2/20/2014,24.74,20.23066
NasdaqGS:INTC,2/21/2014,24.42,30.61767
NasdaqGS:INTC,2/24/2014,24.63,24.17357
NasdaqGS:INTC,2/25/2014,24.62,21.61346
NasdaqGS:INTC,2/26/2014,24.8,19.82016
NasdaqGS:INTC,2/27/2014,24.76,20.86687
NasdaqGS:INTC,2/28/2014,24.76,23.48373
NasdaqGS:INTC,3/3/2014,24.5,25.75458
NasdaqGS:INTC,3/4/2014,24.61,23.71467
NasdaqGS:INTC,3/5/2014,24.5,21.07135
NasdaqGS:INTC,3/6/2014,24.63,22.41627
NasdaqGS:INTC,3/7/2014,24.64,25.38093
NasdaqGS:INTC,3/10/2014,24.84,24.94528
NasdaqGS:INTC,3/11/2014,24.73,26.69563
NasdaqGS:INTC,3/12/2014,24.76,21.25902
NasdaqGS:INTC,3/13/2014,24.57,26.24325
NasdaqGS:INTC,3/14/2014,24.5,21.80723
NasdaqGS:INTC,3/17/2014,24.7,18.52579
NasdaqGS:INTC,3/18/2014,24.82,26.34402
NasdaqGS:INTC,3/19/2014,25.02,34.22942
NasdaqGS:INTC,3/20/2014,25.425,37.00907
NasdaqGS:INTC,3/21/2014,25.17,56.86457
NasdaqGS:INTC,3/24/2014,25.12,36.95157
NasdaqGS:INTC,3/25/2014,25.46,32.31742
NasdaqGS:INTC,3/26/2014,25.3772,26.44282
NasdaqGS:INTC,3/27/2014,25.31,27.20915
NasdaqGS:INTC,3/28/2014,25.62,22.88446
NasdaqGS:INTC,3/31/2014,25.814,29.33628
NasdaqGS:INTC,4/1/2014,25.99,23.77985
NasdaqGS:INTC,4/2/2014,25.89,22.46471
NasdaqGS:INTC,4/3/2014,26.41,38.58128
NasdaqGS:INTC,4/4/2014,26.16,47.91802
NasdaqGS:INTC,4/7/2014,26.485,49.81348
NasdaqGS:INTC,4/8/2014,26.91,56.69949
NasdaqGS:INTC,4/9/2014,26.98,34.48177
NasdaqGS:INTC,4/10/2014,26.425,40.47824
NasdaqGS:INTC,4/11/2014,26.1799,36.1269
NasdaqGS:INTC,4/14/2014,26.56,26.95801
NasdaqGS:INTC,4/15/2014,26.77,45.07443
NasdaqGS:INTC,4/16/2014,26.93,59.03735
NasdaqGS:INTC,4/17/2014,27.04,38.11261
NasdaqGS:INTC,4/21/2014,26.95,20.39969
NasdaqGS:INTC,4/22/2014,26.84,29.60231
NasdaqGS:INTC,4/23/2014,26.75,25.58142
NasdaqGS:INTC,4/24/2014,26.75,25.43284
NasdaqGS:INTC,4/25/2014,26.26,33.61721
NasdaqGS:INTC,4/28/2014,26.33,33.47282
NasdaqGS:INTC,4/29/2014,26.48,22.146
NasdaqGS:INTC,4/30/2014,26.69,25.86393
NasdaqGS:INTC,5/1/2014,26.45,19.75525
NasdaqGS:INTC,5/2/2014,26.41,24.23646
NasdaqGS:INTC,5/5/2014,26.17,20.73895
NasdaqGS:INTC,5/6/2014,26.2,21.81828
NasdaqGS:INTC,5/7/2014,26.37,24.69326
NasdaqGS:INTC,5/8/2014,26.34,24.16853
NasdaqGS:INTC,5/9/2014,26.3,20.32441
NasdaqGS:INTC,5/12/2014,26.37,20.60777
NasdaqGS:INTC,5/13/2014,26.45,20.52497
NasdaqGS:INTC,5/14/2014,26.33,17.81191
NasdaqGS:INTC,5/15/2014,26.01,31.75275
NasdaqGS:INTC,5/16/2014,25.82,30.01758
NasdaqGS:INTC,5/19/2014,26.04,22.68085
NasdaqGS:INTC,5/20/2014,26.04,22.29321
NasdaqGS:INTC,5/21/2014,26.2,18.72159
NasdaqGS:INTC,5/22/2014,26.15,15.92652
NasdaqGS:INTC,5/23/2014,26.289,17.17802
NasdaqGS:INTC,5/27/2014,26.71,27.27194
NasdaqGS:INTC,5/28/2014,26.88,27.15017
NasdaqGS:INTC,5/29/2014,26.96,20.64003
NasdaqGS:INTC,5/30/2014,27.32,43.64101
NasdaqGS:INTC,6/2/2014,27.26,20.26567
NasdaqGS:INTC,6/3/2014,27.66,33.25703
NasdaqGS:INTC,6/4/2014,27.6,21.61273
NasdaqGS:INTC,6/5/2014,27.66,26.5463
NasdaqGS:INTC,6/6/2014,28.17,34.7956
NasdaqGS:INTC,6/9/2014,27.91,39.93431
NasdaqGS:INTC,6/10/2014,28.24,34.26063
NasdaqGS:INTC,6/11/2014,27.93,27.74928
NasdaqGS:INTC,6/12/2014,27.96,31.21144
NasdaqGS:INTC,6/13/2014,29.87,122.1943
NasdaqGS:INTC,6/16/2014,30.01,36.40779
NasdaqGS:INTC,6/17/2014,29.95,28.44122
NasdaqGS:INTC,6/18/2014,29.93,34.41275
NasdaqGS:INTC,6/19/2014,30.09,27.16685
NasdaqGS:INTC,6/20/2014,30.2,39.82986
NasdaqGS:INTC,6/23/2014,30.23,26.52964
NasdaqGS:INTC,6/24/2014,30.5,53.39811
NasdaqGS:INTC,6/25/2014,30.88,44.29457
NasdaqGS:INTC,6/26/2014,30.78,26.72843
NasdaqGS:INTC,6/27/2014,30.93,30.77651
NasdaqGS:INTC,6/30/2014,30.9,21.56254
NasdaqGS:INTC,7/1/2014,30.98,28.24046
NasdaqGS:INTC,7/2/2014,30.98,16.83117
NasdaqGS:INTC,7/3/2014,31.14,20.43763
NasdaqGS:INTC,7/7/2014,31.03,22.23703
NasdaqGS:INTC,7/8/2014,30.79,37.61451
NasdaqGS:INTC,7/9/2014,30.89,28.30243
NasdaqGS:INTC,7/10/2014,31.26,32.45877
NasdaqGS:INTC,7/11/2014,31.25,20.05322
NasdaqGS:INTC,7/14/2014,31.49,24.25153
NasdaqGS:INTC,7/15/2014,31.71,61.21817
NasdaqGS:INTC,7/16/2014,34.65,135.8932
NasdaqGS:INTC,7/17/2014,33.7,70.59112
NasdaqGS:INTC,7/18/2014,33.7,46.53008
NasdaqGS:INTC,7/21/2014,34.06,32.09723
NasdaqGS:INTC,7/22/2014,34.7901,42.92055
NasdaqGS:INTC,7/23/2014,34.5,26.07817
NasdaqGS:INTC,7/24/2014,34.25,33.1809
NasdaqGS:INTC,7/25/2014,34.25,31.61401
NasdaqGS:INTC,7/28/2014,34.23,30.97505
NasdaqGS:INTC,7/29/2014,34.19,26.14345
NasdaqGS:INTC,7/30/2014,34.35,32.78888
NasdaqGS:INTC,7/31/2014,33.89,35.43229
NasdaqGS:INTC,8/1/2014,33.745,33.47258
NasdaqGS:INTC,8/4/2014,34.05,27.25012
NasdaqGS:INTC,8/5/2014,32.82,49.85101
NasdaqGS:INTC,8/6/2014,32.845,27.92409
NasdaqGS:INTC,8/7/2014,32.68,27.82341
NasdaqGS:INTC,8/8/2014,32.6,35.48957
NasdaqGS:INTC,8/11/2014,33.02,27.72393
NasdaqGS:INTC,8/12/2014,33.13,24.81465
NasdaqGS:INTC,8/13/2014,34.1,36.29101
NasdaqGS:INTC,8/14/2014,33.94,25.45795
NasdaqGS:INTC,8/15/2014,34.17,28.58222
NasdaqGS:INTC,8/18/2014,34.41,27.23355
NasdaqGS:INTC,8/19/2014,34.34,29.28345
NasdaqGS:INTC,8/20/2014,34.5,27.14265
NasdaqGS:INTC,8/21/2014,35.15,37.16487
NasdaqGS:INTC,8/22/2014,34.94,21.19785
NasdaqGS:INTC,8/25/2014,34.81,18.61449
NasdaqGS:INTC,8/26/2014,34.8,19.66474
NasdaqGS:INTC,8/27/2014,34.79,17.16893
NasdaqGS:INTC,8/28/2014,34.65,18.90886
NasdaqGS:INTC,8/29/2014,34.92,32.30533
NasdaqGS:INTC,9/2/2014,34.57,32.09558
NasdaqGS:INTC,9/3/2014,34.57,26.66897
NasdaqGS:INTC,9/4/2014,34.905,27.63358
NasdaqGS:INTC,9/5/2014,35,20.84222
NasdaqGS:INTC,9/8/2014,35.33,24.86077
NasdaqGS:INTC,9/9/2014,34.91,22.33467
NasdaqGS:INTC,9/10/2014,35.02,19.96438
NasdaqGS:INTC,9/11/2014,35.02,21.95824
NasdaqGS:INTC,9/12/2014,34.62,26.7337
NasdaqGS:INTC,9/15/2014,34.54,22.43828
NasdaqGS:INTC,9/16/2014,34.93,20.87849
NasdaqGS:INTC,9/17/2014,34.98,26.27896
NasdaqGS:INTC,9/18/2014,35.17,23.81549
NasdaqGS:INTC,9/19/2014,34.82,46.86014
NasdaqGS:INTC,9/22/2014,34.71,25.44816
NasdaqGS:INTC,9/23/2014,34.42,25.69147
NasdaqGS:INTC,9/24/2014,34.75,18.82927
NasdaqGS:INTC,9/25/2014,34.14,34.64469
NasdaqGS:INTC,9/26/2014,34.26,25.8835
NasdaqGS:INTC,9/29/2014,34.9,29.00311
NasdaqGS:INTC,9/30/2014,34.82,35.27456
NasdaqGS:INTC,10/1/2014,33.99,35.09565
NasdaqGS:INTC,10/2/2014,33.52,32.91158
NasdaqGS:INTC,10/3/2014,34.03,25.83484
NasdaqGS:INTC,10/6/2014,34.11,24.32308
NasdaqGS:INTC,10/7/2014,33.47,25.97272
NasdaqGS:INTC,10/8/2014,34.27,34.96337
NasdaqGS:INTC,10/9/2014,33.62,28.19289
NasdaqGS:INTC,10/10/2014,31.91,80.91757
NasdaqGS:INTC,10/13/2014,31.47,42.11745
NasdaqGS:INTC,10/14/2014,32.14,68.67104
NasdaqGS:INTC,10/15/2014,31.275,92.30901
NasdaqGS:INTC,10/16/2014,30.85,47.78744
NasdaqGS:INTC,10/17/2014,31.38,37.50451
NasdaqGS:INTC,10/20/2014,31.58,30.5237
NasdaqGS:INTC,10/21/2014,32.61,33.28172
NasdaqGS:INTC,10/22/2014,32.27,26.7256
NasdaqGS:INTC,10/23/2014,32.69,22.25531
NasdaqGS:INTC,10/24/2014,33.18,27.8149
NasdaqGS:INTC,10/27/2014,33.2,23.75195
NasdaqGS:INTC,10/28/2014,33.74,21.85995
NasdaqGS:INTC,10/29/2014,33.92,24.61523
NasdaqGS:INTC,10/30/2014,32.58,55.21786
NasdaqGS:INTC,10/31/2014,34.01,52.0897
NasdaqGS:INTC,11/3/2014,34.31,28.70362
NasdaqGS:INTC,11/4/2014,34.54,34.69593
NasdaqGS:INTC,11/5/2014,33.76,34.7055
NasdaqGS:INTC,11/6/2014,33.82,25.24056
NasdaqGS:INTC,11/7/2014,33.58,27.6045
NasdaqGS:INTC,11/10/2014,33.26,30.65363
NasdaqGS:INTC,11/11/2014,33.31,19.6767
NasdaqGS:INTC,11/12/2014,33.38,22.86422
NasdaqGS:INTC,11/13/2014,33.68,26.44926
NasdaqGS:INTC,11/14/2014,33.95,18.10463
NasdaqGS:INTC,11/17/2014,34.24,17.64629
NasdaqGS:INTC,11/18/2014,34.71,30.67672
NasdaqGS:INTC,11/19/2014,34.35,21.28962
NasdaqGS:INTC,11/20/2014,35.95,61.99471
NasdaqGS:INTC,11/21/2014,35.59,56.72157
NasdaqGS:INTC,11/24/2014,36.25,33.32114
NasdaqGS:INTC,11/25/2014,36.32,29.09317
NasdaqGS:INTC,11/26/2014,36.9,24.06203
NasdaqGS:INTC,11/28/2014,37.25,19.12851
NasdaqGS:INTC,12/1/2014,37.17,30.904
NasdaqGS:INTC,12/2/2014,37.6,28.3611
NasdaqGS:INTC,12/3/2014,37.43,30.66082
NasdaqGS:INTC,12/4/2014,37.46,23.39786
NasdaqGS:INTC,12/5/2014,37.67,20.5276
NasdaqGS:INTC,12/8/2014,37.2,28.13482
NasdaqGS:INTC,12/9/2014,36.89,28.48732
NasdaqGS:INTC,12/10/2014,36.42,27.49987
NasdaqGS:INTC,12/11/2014,36.7,25.09008
NasdaqGS:INTC,12/12/2014,36.225,29.32253
NasdaqGS:INTC,12/15/2014,35.92,30.63342
NasdaqGS:INTC,12/16/2014,35.56,31.16633
NasdaqGS:INTC,12/17/2014,36.24,31.63775
NasdaqGS:INTC,12/18/2014,37.02,32.12812
NasdaqGS:INTC,12/19/2014,36.37,76.78681
NasdaqGS:INTC,12/22/2014,37.21,29.22707
NasdaqGS:INTC,12/23/2014,37.43,22.16971
NasdaqGS:INTC,12/24/2014,37.44,12.10912
NasdaqGS:INTC,12/26/2014,37.55,14.03718
NasdaqGS:INTC,12/29/2014,37.18,12.20331
NasdaqGS:INTC,12/30/2014,36.76,15.21409
NasdaqGS:INTC,12/31/2014,36.29,20.39362
NasdaqGS:INTC,1/2/2015,36.36,23.60561
NasdaqGS:INTC,1/5/2015,35.95,32.78498
NasdaqGS:INTC,1/6/2015,35.28,30.84758
NasdaqGS:INTC,1/7/2015,36.02,27.72517
NasdaqGS:INTC,1/8/2015,36.69,31.76537
NasdaqGS:INTC,1/9/2015,36.76,22.85052
NasdaqGS:INTC,1/12/2015,36.6,29.40078
NasdaqGS:INTC,1/13/2015,36.5,31.47795
NasdaqGS:INTC,1/14/2015,36.35,34.25029
NasdaqGS:INTC,1/15/2015,36.19,47.18177
NasdaqGS:INTC,1/16/2015,36.45,62.81219
NasdaqGS:INTC,1/20/2015,36.09,35.92942
NasdaqGS:INTC,1/21/2015,36.48,27.4426
NasdaqGS:INTC,1/22/2015,36.91,31.8099
NasdaqGS:INTC,1/23/2015,36.445,27.42706
NasdaqGS:INTC,1/26/2015,35.805,30.90682
NasdaqGS:INTC,1/27/2015,34.185,58.4562
NasdaqGS:INTC,1/28/2015,33.775,34.9291
NasdaqGS:INTC,1/29/2015,34.21,29.56938
NasdaqGS:INTC,1/30/2015,33.04,38.71974
NasdaqGS:INTC,2/2/2015,33.65,38.73375
NasdaqGS:INTC,2/3/2015,33.7,36.03832
NasdaqGS:INTC,2/4/2015,33.6,25.05275
NasdaqGS:INTC,2/5/2015,33.94,20.49145
NasdaqGS:INTC,2/6/2015,33.295,29.34245
NasdaqGS:INTC,2/9/2015,32.93,28.70548
NasdaqGS:INTC,2/10/2015,33.7,20.20001
NasdaqGS:INTC,2/11/2015,33.55,18.36424
NasdaqGS:INTC,2/12/2015,34.125,20.05666
NasdaqGS:INTC,2/13/2015,34.36,18.03793
NasdaqGS:INTC,2/17/2015,34.735,19.37415
NasdaqGS:INTC,2/18/2015,34.265,19.99289
NasdaqGS:INTC,2/19/2015,34.21,11.01754
NasdaqGS:INTC,2/20/2015,34.41,20.95557
NasdaqGS:INTC,2/23/2015,33.76,25.56553
NasdaqGS:INTC,2/24/2015,34.41,29.60747
NasdaqGS:INTC,2/25/2015,33.945,24.68627
NasdaqGS:INTC,2/26/2015,33.65,25.92844
NasdaqGS:INTC,2/27/2015,33.25,24.4273
NasdaqGS:INTC,3/2/2015,34.06,25.40636
NasdaqGS:INTC,3/3/2015,34.095,27.33198
NasdaqGS:INTC,3/4/2015,34.12,23.0058
NasdaqGS:INTC,3/5/2015,33.73,21.22581
NasdaqGS:INTC,3/6/2015,33.19,32.37314
NasdaqGS:INTC,3/9/2015,32.72,33.05879
NasdaqGS:INTC,3/10/2015,31.7,50.27889
NasdaqGS:INTC,3/11/2015,32.33,49.68365
NasdaqGS:INTC,3/12/2015,30.8,107.4024
NasdaqGS:INTC,3/13/2015,30.93,47.95471
NasdaqGS:INTC,3/16/2015,30.83,33.07462
NasdaqGS:INTC,3/17/2015,30.59,29.2156
NasdaqGS:INTC,3/18/2015,30.89,39.83408
NasdaqGS:INTC,3/19/2015,30.74,27.41423
NasdaqGS:INTC,3/20/2015,31.31,64.77708
NasdaqGS:INTC,3/23/2015,31.2,29.69395
NasdaqGS:INTC,3/24/2015,30.79,28.47137
NasdaqGS:INTC,3/25/2015,29.89,37.69097
NasdaqGS:INTC,3/26/2015,30.08,45.45014
NasdaqGS:INTC,3/27/2015,32,73.85723
NasdaqGS:INTC,3/30/2015,31.46,51.39154
NasdaqGS:INTC,3/31/2015,31.27,32.09846
NasdaqGS:INTC,4/1/2015,30.81,31.53209
NasdaqGS:INTC,4/2/2015,30.81,20.90963
NasdaqGS:INTC,4/6/2015,31.04,21.49093
NasdaqGS:INTC,4/7/2015,31.26,23.25826
NasdaqGS:INTC,4/8/2015,31.31,18.25025
NasdaqGS:INTC,4/9/2015,31.24,34.16759
NasdaqGS:INTC,4/10/2015,31.93,28.08489
NasdaqGS:INTC,4/13/2015,31.73,23.48902
NasdaqGS:INTC,4/14/2015,31.49,39.75402
NasdaqGS:INTC,4/15/2015,32.83,61.08345
NasdaqGS:INTC,4/16/2015,32.87,28.9032
NasdaqGS:INTC,4/17/2015,32.47,30.5936
NasdaqGS:INTC,4/20/2015,32.73,20.64926
NasdaqGS:INTC,4/21/2015,32.43,19.02384
NasdaqGS:INTC,4/22/2015,32.7,21.14418
NasdaqGS:INTC,4/23/2015,32.35,23.77529
NasdaqGS:INTC,4/24/2015,32.08,22.75991
NasdaqGS:INTC,4/27/2015,32.5,25.86958
NasdaqGS:INTC,4/28/2015,33.02,29.57282
NasdaqGS:INTC,4/29/2015,32.885,21.81902
NasdaqGS:INTC,4/30/2015,32.55,22.01332
NasdaqGS:INTC,5/1/2015,33.42,27.09125
NasdaqGS:INTC,5/4/2015,33.43,21.39728
NasdaqGS:INTC,5/5/2015,32.64,29.77918
NasdaqGS:INTC,5/6/2015,32.22,31.98538
NasdaqGS:INTC,5/7/2015,32.245,21.4753
NasdaqGS:INTC,5/8/2015,32.8,26.92651
NasdaqGS:INTC,5/11/2015,32.69,18.35858
NasdaqGS:INTC,5/12/2015,32.25,24.5302
NasdaqGS:INTC,5/13/2015,32.64,20.47084
NasdaqGS:INTC,5/14/2015,32.97,21.09894
NasdaqGS:INTC,5/15/2015,32.99,17.14969
NasdaqGS:INTC,5/18/2015,33.41,23.68948
NasdaqGS:INTC,5/19/2015,33.15,21.86713
NasdaqGS:INTC,5/20/2015,33.37,21.3598
NasdaqGS:INTC,5/21/2015,33.55,21.26978
NasdaqGS:INTC,5/22/2015,33.45,20.84503
NasdaqGS:INTC,5/26/2015,33.105,28.59451
NasdaqGS:INTC,5/27/2015,33.71,30.17266
NasdaqGS:INTC,5/28/2015,34.01,27.06569
NasdaqGS:INTC,5/29/2015,34.46,43.5455
NasdaqGS:INTC,6/1/2015,33.905,46.7345
NasdaqGS:INTC,6/2/2015,33.27,36.3511
NasdaqGS:INTC,6/3/2015,32.73,38.13869
NasdaqGS:INTC,6/4/2015,32.31,33.76184
NasdaqGS:INTC,6/5/2015,31.84,27.77852
NasdaqGS:INTC,6/8/2015,31.3,38.17158
NasdaqGS:INTC,6/9/2015,31.25,33.97674
NasdaqGS:INTC,6/10/2015,31.82,33.33682
NasdaqGS:INTC,6/11/2015,31.85,24.29363
NasdaqGS:INTC,6/12/2015,31.32,31.62975
NasdaqGS:INTC,6/15/2015,31.39,23.17499
NasdaqGS:INTC,6/16/2015,31.635,20.25447
NasdaqGS:INTC,6/17/2015,31.95,28.19423
NasdaqGS:INTC,6/18/2015,32.38,27.72237
NasdaqGS:INTC,6/19/2015,32.07,39.00838
NasdaqGS:INTC,6/22/2015,32.26,23.60841
NasdaqGS:INTC,6/23/2015,32.085,17.99595
NasdaqGS:INTC,6/24/2015,31.91,23.31389
NasdaqGS:INTC,6/25/2015,31.99,22.74328
NasdaqGS:INTC,6/26/2015,31.02,62.15718
NasdaqGS:INTC,6/29/2015,30.39,35.19445
NasdaqGS:INTC,6/30/2015,30.415,34.4122
NasdaqGS:INTC,7/1/2015,30.18,27.17892
NasdaqGS:INTC,7/2/2015,30.555,27.10522
NasdaqGS:INTC,7/6/2015,30.04,32.46807
NasdaqGS:INTC,7/7/2015,29.9,43.83371
NasdaqGS:INTC,7/8/2015,29.5,45.22383
NasdaqGS:INTC,7/9/2015,28.93,47.1678
NasdaqGS:INTC,7/10/2015,29.17,31.4238
NasdaqGS:INTC,7/13/2015,29.73,26.45236
NasdaqGS:INTC,7/14/2015,29.65,39.77825
NasdaqGS:INTC,7/15/2015,29.69,47.85254
NasdaqGS:INTC,7/16/2015,29.9,81.16669
NasdaqGS:INTC,7/17/2015,29.47,43.69763
NasdaqGS:INTC,7/20/2015,29.1,33.81294
NasdaqGS:INTC,7/21/2015,28.72,45.19099
NasdaqGS:INTC,7/22/2015,28.605,36.38717
NasdaqGS:INTC,7/23/2015,28.595,33.77516
NasdaqGS:INTC,7/24/2015,28.06,31.62103
NasdaqGS:INTC,7/27/2015,28.35,42.16105
NasdaqGS:INTC,7/28/2015,28.96,33.18243
NasdaqGS:INTC,7/29/2015,29.01,26.47018
NasdaqGS:INTC,7/30/2015,28.91,26.58244
NasdaqGS:INTC,7/31/2015,28.95,27.15876
NasdaqGS:INTC,8/3/2015,29.05,26.21358
NasdaqGS:INTC,8/4/2015,29.13,25.74172
NasdaqGS:INTC,8/5/2015,29.12,23.62273
NasdaqGS:INTC,8/6/2015,29.01,27.95819
NasdaqGS:INTC,8/7/2015,28.88,25.60613
NasdaqGS:INTC,8/10/2015,29.64,22.80736
NasdaqGS:INTC,8/11/2015,28.97,23.75886
NasdaqGS:INTC,8/12/2015,29.46,33.63947
NasdaqGS:INTC,8/13/2015,28.87,18.82195
NasdaqGS:INTC,8/14/2015,29.02,14.3027
NasdaqGS:INTC,8/17/2015,29.08,15.54832
NasdaqGS:INTC,8/18/2015,28.91,19.18264
NasdaqGS:INTC,8/19/2015,28.36,30.53014
NasdaqGS:INTC,8/20/2015,27.53,31.93657
NasdaqGS:INTC,8/21/2015,26.56,52.28839
NasdaqGS:INTC,8/24/2015,26.25,83.23417
NasdaqGS:INTC,8/25/2015,25.87,59.37186
NasdaqGS:INTC,8/26/2015,27.3,47.38674
NasdaqGS:INTC,8/27/2015,27.72,38.64942
NasdaqGS:INTC,8/28/2015,28.42,43.45236
NasdaqGS:INTC,8/31/2015,28.54,42.40183
NasdaqGS:INTC,9/1/2015,27.82,44.14395
NasdaqGS:INTC,9/2/2015,28.6,34.61881
NasdaqGS:INTC,9/3/2015,29.08,38.66592
NasdaqGS:INTC,9/4/2015,28.52,29.11754
NasdaqGS:INTC,9/8/2015,29.5,27.80497
NasdaqGS:INTC,9/9/2015,29.24,30.7741
NasdaqGS:INTC,9/10/2015,29.27,25.19578
NasdaqGS:INTC,9/11/2015,29.47,21.78688
NasdaqGS:INTC,9/14/2015,29.39,24.06508
NasdaqGS:INTC,9/15/2015,29.73,29.81902
NasdaqGS:INTC,9/16/2015,29.77,25.95776
NasdaqGS:INTC,9/17/2015,29.71,29.80525
NasdaqGS:INTC,9/18/2015,29.02,60.69344
NasdaqGS:INTC,9/21/2015,29.16,24.41713
NasdaqGS:INTC,9/22/2015,28.67,28.57622
NasdaqGS:INTC,9/23/2015,28.74,25.98395
NasdaqGS:INTC,9/24/2015,28.48,32.75474
NasdaqGS:INTC,9/25/2015,28.81,29.19232
NasdaqGS:INTC,9/28/2015,28.76,42.29097
NasdaqGS:INTC,9/29/2015,29.24,34.16956
NasdaqGS:INTC,9/30/2015,30.14,41.05171
NasdaqGS:INTC,10/1/2015,30,29.83284
NasdaqGS:INTC,10/2/2015,30.51,27.90145
NasdaqGS:INTC,10/5/2015,31.21,34.84251
NasdaqGS:INTC,10/6/2015,31.74,35.5302
NasdaqGS:INTC,10/7/2015,32.315,36.93007
NasdaqGS:INTC,10/8/2015,32.52,27.79465
NasdaqGS:INTC,10/9/2015,32.14,24.20992
NasdaqGS:INTC,10/12/2015,32.21,18.79503
NasdaqGS:INTC,10/13/2015,32.04,35.58861
NasdaqGS:INTC,10/14/2015,32.8,75.95481
NasdaqGS:INTC,10/15/2015,32.75,37.63479
NasdaqGS:INTC,10/16/2015,33.04,29.37131
NasdaqGS:INTC,10/19/2015,33.59,37.62403
NasdaqGS:INTC,10/20/2015,33.44,24.41614
NasdaqGS:INTC,10/21/2015,33.37,32.00529
NasdaqGS:INTC,10/22/2015,34.4,39.57265
NasdaqGS:INTC,10/23/2015,34.9,42.79663
NasdaqGS:INTC,10/26/2015,34.59,22.6469
NasdaqGS:INTC,10/27/2015,34.47,22.63011
NasdaqGS:INTC,10/28/2015,34.71,21.90837
NasdaqGS:INTC,10/29/2015,34.03,21.32519
NasdaqGS:INTC,10/30/2015,33.86,24.69386
NasdaqGS:INTC,11/2/2015,34.11,21.74308
NasdaqGS:INTC,11/3/2015,34.31,18.16703
NasdaqGS:INTC,11/4/2015,34.15,20.76206
NasdaqGS:INTC,11/5/2015,34,16.48606
NasdaqGS:INTC,11/6/2015,33.84,23.70165
NasdaqGS:INTC,11/9/2015,33.35,24.16874
NasdaqGS:INTC,11/10/2015,33.21,22.45169
NasdaqGS:INTC,11/11/2015,32.86,19.86471
NasdaqGS:INTC,11/12/2015,32.4,23.26539
NasdaqGS:INTC,11/13/2015,32.11,23.67317
NasdaqGS:INTC,11/16/2015,32.1,29.89966
NasdaqGS:INTC,11/17/2015,32.64,22.63638
NasdaqGS:INTC,11/18/2015,33.16,18.61976
NasdaqGS:INTC,11/19/2015,34.3,45.38155
NasdaqGS:INTC,11/20/2015,34.66,41.13775
NasdaqGS:INTC,11/23/2015,34.48,20.15286
NasdaqGS:INTC,11/24/2015,34.36,21.41354
NasdaqGS:INTC,11/25/2015,34.45,17.93941
NasdaqGS:INTC,11/27/2015,34.46,6.62086
NasdaqGS:INTC,11/30/2015,34.77,21.78579
NasdaqGS:INTC,12/1/2015,35.09,23.56024
NasdaqGS:INTC,12/2/2015,34.83,18.68818
NasdaqGS:INTC,12/3/2015,34.04,30.13106
NasdaqGS:INTC,12/4/2015,34.935,24.90099
NasdaqGS:INTC,12/7/2015,34.985,17.73189
NasdaqGS:INTC,12/8/2015,34.75,13.38023
NasdaqGS:INTC,12/9/2015,34.81,22.5483
NasdaqGS:INTC,12/10/2015,34.77,17.40075
NasdaqGS:INTC,12/11/2015,34.27,21.25142
NasdaqGS:INTC,12/14/2015,34.47,19.52803
NasdaqGS:INTC,12/15/2015,35.18,24.36586
NasdaqGS:INTC,12/16/2015,35.3,23.25789
NasdaqGS:INTC,12/17/2015,34.91,24.96356
NasdaqGS:INTC,12/18/2015,33.865,41.33663
NasdaqGS:INTC,12/21/2015,34.24,18.0068
NasdaqGS:INTC,12/22/2015,34.73,18.42197
NasdaqGS:INTC,12/23/2015,35,12.52653
NasdaqGS:INTC,12/24/2015,34.98,5.89379
NasdaqGS:INTC,12/28/2015,34.93,9.44939
NasdaqGS:INTC,12/29/2015,35.44,14.18858
NasdaqGS:INTC,12/30/2015,34.99,11.56679
NasdaqGS:INTC,12/31/2015,34.45,14.73669
NasdaqGS:INTC,1/4/2016,33.99,27.88219
NasdaqGS:INTC,1/5/2016,33.83,16.70951
NasdaqGS:INTC,1/6/2016,33.08,25.49126
NasdaqGS:INTC,1/7/2016,31.84,37.68052
NasdaqGS:INTC,1/8/2016,31.51,29.95384
NasdaqGS:INTC,1/11/2016,32.06,27.73244
NasdaqGS:INTC,1/12/2016,32.68,28.5877
NasdaqGS:INTC,1/13/2016,31.91,34.44569
NasdaqGS:INTC,1/14/2016,32.74,48.72815
NasdaqGS:INTC,1/15/2016,29.76,76.37392
NasdaqGS:INTC,1/19/2016,29.8,28.87811
NasdaqGS:INTC,1/20/2016,29.59,39.59819
NasdaqGS:INTC,1/21/2016,29.66,30.15738
NasdaqGS:INTC,1/22/2016,29.925,25.32649
NasdaqGS:INTC,1/25/2016,29.6,26.44098
NasdaqGS:INTC,1/26/2016,29.94,24.75495
NasdaqGS:INTC,1/27/2016,29.81,26.38414
NasdaqGS:INTC,1/28/2016,29.97,22.02814
NasdaqGS:INTC,1/29/2016,31.02,38.31136
NasdaqGS:INTC,2/1/2016,30.82,19.01512
NasdaqGS:INTC,2/2/2016,29.8,24.99428
NasdaqGS:INTC,2/3/2016,29.34,44.66006
NasdaqGS:INTC,2/4/2016,29.77,29.25784
NasdaqGS:INTC,2/5/2016,29.04,27.95754
NasdaqGS:INTC,2/8/2016,28.82,28.72593
NasdaqGS:INTC,2/9/2016,28.81,22.90263
NasdaqGS:INTC,2/10/2016,28.23,27.26778
NasdaqGS:INTC,2/11/2016,28.22,28.45021
NasdaqGS:INTC,2/12/2016,28.64,19.699
NasdaqGS:INTC,2/16/2016,28.78,30.70523
NasdaqGS:INTC,2/17/2016,29.47,27.69173
NasdaqGS:INTC,2/18/2016,29.42,20.62326
NasdaqGS:INTC,2/19/2016,28.71,42.0567
NasdaqGS:INTC,2/22/2016,29.35,23.89315
NasdaqGS:INTC,2/23/2016,28.8,26.63821
NasdaqGS:INTC,2/24/2016,29.19,21.5936
NasdaqGS:INTC,2/25/2016,29.62,17.57144
NasdaqGS:INTC,2/26/2016,29.8,19.90222
NasdaqGS:INTC,2/29/2016,29.59,22.90308
NasdaqGS:INTC,3/1/2016,30.37,25.50257
NasdaqGS:INTC,3/2/2016,30.54,23.77977
NasdaqGS:INTC,3/3/2016,30.58,25.62521
NasdaqGS:INTC,3/4/2016,30.63,20.35685
NasdaqGS:INTC,3/7/2016,30.94,18.87995
NasdaqGS:INTC,3/8/2016,30.56,19.10493
NasdaqGS:INTC,3/9/2016,30.865,14.70781
NasdaqGS:INTC,3/10/2016,31.25,29.58484
NasdaqGS:INTC,3/11/2016,31.76,22.81123
NasdaqGS:INTC,3/14/2016,31.43,17.43858
NasdaqGS:INTC,3/15/2016,31.65,16.92775
NasdaqGS:INTC,3/16/2016,31.69,26.29842
NasdaqGS:INTC,3/17/2016,31.98,22.86529
NasdaqGS:INTC,3/18/2016,32.68,49.93425
NasdaqGS:INTC,3/21/2016,32.34,21.76087
NasdaqGS:INTC,3/22/2016,32.32,22.20045
NasdaqGS:INTC,3/23/2016,32,18.76532
NasdaqGS:INTC,3/24/2016,31.88,14.21191
NasdaqGS:INTC,3/28/2016,31.9,11.43302
NasdaqGS:INTC,3/29/2016,32.38,15.31319
NasdaqGS:INTC,3/30/2016,32.71,16.59802
NasdaqGS:INTC,3/31/2016,32.35,17.88
NasdaqGS:INTC,4/1/2016,32.45,18.04969
NasdaqGS:INTC,4/4/2016,32,21.58163
NasdaqGS:INTC,4/5/2016,31.9,20.08001
NasdaqGS:INTC,4/6/2016,32.08,15.74061
NasdaqGS:INTC,4/7/2016,31.55,23.73823
NasdaqGS:INTC,4/8/2016,31.63,17.03188
NasdaqGS:INTC,4/11/2016,31.67,19.70768
NasdaqGS:INTC,4/12/2016,31.86,16.77421
NasdaqGS:INTC,4/13/2016,32.13,19.96808
NasdaqGS:INTC,4/14/2016,31.8,21.62089
NasdaqGS:INTC,4/15/2016,31.46,28.78277
NasdaqGS:INTC,4/18/2016,31.65,21.5666
NasdaqGS:INTC,4/19/2016,31.6,33.61931
NasdaqGS:INTC,4/20/2016,32,57.62979
NasdaqGS:INTC,4/21/2016,31.97,28.43136
NasdaqGS:INTC,4/22/2016,31.64,29.62564
NasdaqGS:INTC,4/25/2016,31.39,19.31571
NasdaqGS:INTC,4/26/2016,31.4,20.97636
NasdaqGS:INTC,4/27/2016,31.75,20.00624
NasdaqGS:INTC,4/28/2016,31.11,25.14639
NasdaqGS:INTC,4/29/2016,30.28,36.44375
NasdaqGS:INTC,5/2/2016,30.61,21.08663
NasdaqGS:INTC,5/3/2016,30.36,27.11115
NasdaqGS:INTC,5/4/2016,29.85,23.27878
NasdaqGS:INTC,5/5/2016,29.9,23.39327
NasdaqGS:INTC,5/6/2016,30.04,19.6322
NasdaqGS:INTC,5/9/2016,29.8,16.88828
NasdaqGS:INTC,5/10/2016,30.14,17.01382
NasdaqGS:INTC,5/11/2016,30.06,15.75423
NasdaqGS:INTC,5/12/2016,29.76,20.82669
NasdaqGS:INTC,5/13/2016,29.91,19.99959
NasdaqGS:INTC,5/16/2016,30.39,21.82607
NasdaqGS:INTC,5/17/2016,29.98,25.7099
NasdaqGS:INTC,5/18/2016,29.99,22.46995
NasdaqGS:INTC,5/19/2016,29.63,21.74087
NasdaqGS:INTC,5/20/2016,30.15,22.77725
NasdaqGS:INTC,5/23/2016,30.23,20.88191
NasdaqGS:INTC,5/24/2016,31.06,23.69923
NasdaqGS:INTC,5/25/2016,31.39,18.42384
NasdaqGS:INTC,5/26/2016,31.49,12.6923
NasdaqGS:INTC,5/27/2016,31.57,13.3413
NasdaqGS:INTC,5/31/2016,31.59,23.04022
NasdaqGS:INTC,6/1/2016,31.66,17.75353
NasdaqGS:INTC,6/2/2016,31.76,14.14013
NasdaqGS:INTC,6/3/2016,31.62,15.77754
NasdaqGS:INTC,6/6/2016,31.68,15.1396
NasdaqGS:INTC,6/7/2016,31.88,19.33909
NasdaqGS:INTC,6/8/2016,31.89,12.73209
NasdaqGS:INTC,6/9/2016,31.94,11.27676
NasdaqGS:INTC,6/10/2016,32.04,35.74911
NasdaqGS:INTC,6/13/2016,32.17,23.00483
NasdaqGS:INTC,6/14/2016,32.14,18.75428
NasdaqGS:INTC,6/15/2016,31.61,23.78327
NasdaqGS:INTC,6/16/2016,31.69,18.54785
NasdaqGS:INTC,6/17/2016,31.76,27.04786
NasdaqGS:INTC,6/20/2016,32.17,21.96158
NasdaqGS:INTC,6/21/2016,32.32,15.47645
NasdaqGS:INTC,6/22/2016,32.29,18.30476
NasdaqGS:INTC,6/23/2016,32.99,22.04878
NasdaqGS:INTC,6/24/2016,31.55,38.0943
NasdaqGS:INTC,6/27/2016,30.72,35.45403
NasdaqGS:INTC,6/28/2016,31.19,23.69387
NasdaqGS:INTC,6/29/2016,31.93,22.77106
NasdaqGS:INTC,6/30/2016,32.8,34.52892
NasdaqGS:INTC,7/1/2016,32.75,17.08457
NasdaqGS:INTC,7/5/2016,32.68,20.10719
NasdaqGS:INTC,7/6/2016,32.97,21.07022
NasdaqGS:INTC,7/7/2016,33.2,26.11945
NasdaqGS:INTC,7/8/2016,34,23.34187
NasdaqGS:INTC,7/11/2016,34.38,23.82067
NasdaqGS:INTC,7/12/2016,34.94,28.06411
NasdaqGS:INTC,7/13/2016,35.01,29.1209
NasdaqGS:INTC,7/14/2016,35.2,25.29637
NasdaqGS:INTC,7/15/2016,35.07,23.66186
NasdaqGS:INTC,7/18/2016,35.05,19.34718
NasdaqGS:INTC,7/19/2016,35.15,20.39542
NasdaqGS:INTC,7/20/2016,35.69,42.99419
NasdaqGS:INTC,7/21/2016,34.27,63.7086
NasdaqGS:INTC,7/22/2016,34.66,33.03365
NasdaqGS:INTC,7/25/2016,34.69,20.2777
NasdaqGS:INTC,7/26/2016,35.09,29.64443
NasdaqGS:INTC,7/27/2016,34.83,23.60176
NasdaqGS:INTC,7/28/2016,34.77,21.66738
NasdaqGS:INTC,7/29/2016,34.86,18.17124
NasdaqGS:INTC,8/1/2016,34.85,18.82441
NasdaqGS:INTC,8/2/2016,34.56,20.05733
NasdaqGS:INTC,8/3/2016,34.25,18.38876
NasdaqGS:INTC,8/4/2016,34.58,16.36264
NasdaqGS:INTC,8/5/2016,34.98,20.04621
NasdaqGS:INTC,8/8/2016,35.04,19.49733
NasdaqGS:INTC,8/9/2016,34.92,12.57888
NasdaqGS:INTC,8/10/2016,34.53,19.57903
NasdaqGS:INTC,8/11/2016,34.68,16.36412
NasdaqGS:INTC,8/12/2016,34.57,15.70832
NasdaqGS:INTC,8/15/2016,34.91,18.93106
NasdaqGS:INTC,8/16/2016,35.21,16.32093
NasdaqGS:INTC,8/17/2016,35.02,18.22164
NasdaqGS:INTC,8/18/2016,34.97,16.08518
NasdaqGS:INTC,8/19/2016,35.24,16.41764
NasdaqGS:INTC,8/22/2016,35.36,14.94143
NasdaqGS:INTC,8/23/2016,35.4,18.31604
NasdaqGS:INTC,8/24/2016,35.15,16.34353
NasdaqGS:INTC,8/25/2016,35.09,12.42798
NasdaqGS:INTC,8/26/2016,35.26,14.46992
NasdaqGS:INTC,8/29/2016,35.55,15.2643
NasdaqGS:INTC,8/30/2016,35.7,15.18321
NasdaqGS:INTC,8/31/2016,35.89,20.56272
NasdaqGS:INTC,9/1/2016,36.02,18.92577
NasdaqGS:INTC,9/2/2016,36.08,16.72672
NasdaqGS:INTC,9/6/2016,36.57,22.33779
NasdaqGS:INTC,9/7/2016,36.46,18.49565
NasdaqGS:INTC,9/8/2016,36.44,20.35651
NasdaqGS:INTC,9/9/2016,35.44,29.4579
NasdaqGS:INTC,9/12/2016,36.08,22.7966
NasdaqGS:INTC,9/13/2016,35.61,23.59135
NasdaqGS:INTC,9/14/2016,35.62,14.12722
NasdaqGS:INTC,9/15/2016,36.56,24.5851
NasdaqGS:INTC,9/16/2016,37.67,74.5779
NasdaqGS:INTC,9/19/2016,37.16,30.53171
NasdaqGS:INTC,9/20/2016,37.14,24.7969
NasdaqGS:INTC,9/21/2016,37.45,21.2337
NasdaqGS:INTC,9/22/2016,37.55,17.01341
NasdaqGS:INTC,9/23/2016,37.19,18.06247
NasdaqGS:INTC,9/26/2016,36.65,25.5188
NasdaqGS:INTC,9/27/2016,37.18,22.39158
NasdaqGS:INTC,9/28/2016,37.44,19.0208
NasdaqGS:INTC,9/29/2016,37.32,17.67497
NasdaqGS:INTC,9/30/2016,37.75,24.27931
NasdaqGS:INTC,10/3/2016,37.66,14.11358
NasdaqGS:INTC,10/4/2016,37.54,14.39311
NasdaqGS:INTC,10/5/2016,37.99,22.4208
NasdaqGS:INTC,10/6/2016,38.07,15.17143
NasdaqGS:INTC,10/7/2016,38.1,16.94254
NasdaqGS:INTC,10/10/2016,38.02,14.9543
NasdaqGS:INTC,10/11/2016,37.27,27.65046
NasdaqGS:INTC,10/12/2016,37.13,14.05389
NasdaqGS:INTC,10/13/2016,36.97,16.93602
NasdaqGS:INTC,10/14/2016,37.45,19.12394
NasdaqGS:INTC,10/17/2016,37.29,15.78814
NasdaqGS:INTC,10/18/2016,37.75,42.90775
NasdaqGS:INTC,10/19/2016,35.51,75.22902
NasdaqGS:INTC,10/20/2016,35.43,25.66948
NasdaqGS:INTC,10/21/2016,35.15,20.81325
NasdaqGS:INTC,10/24/2016,35.26,21.52474
NasdaqGS:INTC,10/25/2016,35.1,17.86031
NasdaqGS:INTC,10/26/2016,34.92,19.9776
NasdaqGS:INTC,10/27/2016,34.81,14.63469
NasdaqGS:INTC,10/28/2016,34.74,22.29643
NasdaqGS:INTC,10/31/2016,34.87,19.1886
NasdaqGS:INTC,11/1/2016,34.52,25.36822
NasdaqGS:INTC,11/2/2016,34.6,21.41641
NasdaqGS:INTC,11/3/2016,33.93,19.40003
NasdaqGS:INTC,11/4/2016,33.61,21.91475
NasdaqGS:INTC,11/7/2016,34.69,19.2966
NasdaqGS:INTC,11/8/2016,34.74,14.83313
NasdaqGS:INTC,11/9/2016,34.75,25.99943
NasdaqGS:INTC,11/10/2016,34.5,28.25023
NasdaqGS:INTC,11/11/2016,34.61,22.66503
NasdaqGS:INTC,11/14/2016,34.48,22.55894
NasdaqGS:INTC,11/15/2016,34.91,20.67611
NasdaqGS:INTC,11/16/2016,34.84,18.56545
NasdaqGS:INTC,11/17/2016,35.02,15.74852
NasdaqGS:INTC,11/18/2016,34.95,16.80685
NasdaqGS:INTC,11/21/2016,34.98,14.25953
NasdaqGS:INTC,11/22/2016,35.48,22.32745
NasdaqGS:INTC,11/23/2016,35.2,15.84362
NasdaqGS:INTC,11/25/2016,35.44,6.37284
NasdaqGS:INTC,11/28/2016,35.51,13.54905
NasdaqGS:INTC,11/29/2016,35.31,19.58104
NasdaqGS:INTC,11/30/2016,34.7,27.01607
NasdaqGS:INTC,12/1/2016,33.76,29.61869
NasdaqGS:INTC,12/2/2016,34.16,21.49253
NasdaqGS:INTC,12/5/2016,34.39,14.46197
NasdaqGS:INTC,12/6/2016,34.72,15.2977
NasdaqGS:INTC,12/7/2016,35.5,21.7101
NasdaqGS:INTC,12/8/2016,35.7,19.96654
NasdaqGS:INTC,12/9/2016,35.76,16.32693
NasdaqGS:INTC,12/12/2016,35.97,21.98583
NasdaqGS:INTC,12/13/2016,36.8,35.77359
NasdaqGS:INTC,12/14/2016,36.55,30.81937
NasdaqGS:INTC,12/15/2016,36.79,23.72154
NasdaqGS:INTC,12/16/2016,36.31,38.21282
NasdaqGS:INTC,12/19/2016,36.89,18.74431
NasdaqGS:INTC,12/20/2016,37.21,18.55184
NasdaqGS:INTC,12/21/2016,36.98,14.32357
NasdaqGS:INTC,12/22/2016,36.93,10.79388
NasdaqGS:INTC,12/23/2016,36.97,6.28728
NasdaqGS:INTC,12/27/2016,37.07,9.03371
NasdaqGS:INTC,12/28/2016,36.63,12.86858
NasdaqGS:INTC,12/29/2016,36.66,8.448
NasdaqGS:INTC,12/30/2016,36.27,17.46798
NasdaqGS:INTC,1/3/2017,36.6,20.19647
NasdaqGS:INTC,1/4/2017,36.41,15.91573
NasdaqGS:INTC,1/5/2017,36.35,13.986
NasdaqGS:INTC,1/6/2017,36.48,15.114
NasdaqGS:INTC,1/9/2017,36.61,19.46142
NasdaqGS:INTC,1/10/2017,36.54,15.91877
NasdaqGS:INTC,1/11/2017,36.95,22.39843
NasdaqGS:INTC,1/12/2017,36.71,20.39195
NasdaqGS:INTC,1/13/2017,36.79,15.07224
NasdaqGS:INTC,1/17/2017,36.8,20.1952
NasdaqGS:INTC,1/18/2017,36.76,15.38245
NasdaqGS:INTC,1/19/2017,36.57,13.65452
NasdaqGS:INTC,1/20/2017,36.94,23.95094
NasdaqGS:INTC,1/23/2017,36.77,27.75257
NasdaqGS:INTC,1/24/2017,37.62,35.14087
NasdaqGS:INTC,1/25/2017,37.8,32.35731
NasdaqGS:INTC,1/26/2017,37.56,34.14484
NasdaqGS:INTC,1/27/2017,37.98,44.36857
NasdaqGS:INTC,1/30/2017,37.42,23.95472
NasdaqGS:INTC,1/31/2017,36.82,27.05908
NasdaqGS:INTC,2/1/2017,36.52,28.38064
NasdaqGS:INTC,2/2/2017,36.68,31.91694
NasdaqGS:INTC,2/3/2017,36.52,21.03815
NasdaqGS:INTC,2/6/2017,36.27,21.42696
NasdaqGS:INTC,2/7/2017,36.35,18.58187
NasdaqGS:INTC,2/8/2017,36.38,20.80736
NasdaqGS:INTC,2/9/2017,35.46,47.80269
NasdaqGS:INTC,2/10/2017,35.34,44.10652
NasdaqGS:INTC,2/13/2017,35.8,28.18055
NasdaqGS:INTC,2/14/2017,35.93,25.7348
NasdaqGS:INTC,2/15/2017,36.05,18.4522
NasdaqGS:INTC,2/16/2017,36.41,21.31746
NasdaqGS:INTC,2/17/2017,36.48,18.90989
NasdaqGS:INTC,2/21/2017,36.52,20.55602
NasdaqGS:INTC,2/22/2017,36.07,29.90437
NasdaqGS:INTC,2/23/2017,36.18,22.77498
NasdaqGS:INTC,2/24/2017,36.53,18.61759
NasdaqGS:INTC,2/27/2017,36.51,14.06524
NasdaqGS:INTC,2/28/2017,36.2,24.97701
NasdaqGS:INTC,3/1/2017,35.93,34.08587
NasdaqGS:INTC,3/2/2017,35.91,23.6021
NasdaqGS:INTC,3/3/2017,35.9,17.5409
NasdaqGS:INTC,3/6/2017,35.57,24.41673
NasdaqGS:INTC,3/7/2017,35.8,23.43489
NasdaqGS:INTC,3/8/2017,35.62,20.92015
NasdaqGS:INTC,3/9/2017,35.82,23.61679
NasdaqGS:INTC,3/10/2017,35.91,25.40235
NasdaqGS:INTC,3/13/2017,35.16,53.58293
NasdaqGS:INTC,3/14/2017,35.18,28.58687
NasdaqGS:INTC,3/15/2017,35.1,27.9961
NasdaqGS:INTC,3/16/2017,35.14,19.61605
NasdaqGS:INTC,3/17/2017,35.27,30.77887
NasdaqGS:INTC,3/20/2017,35.43,17.32227
NasdaqGS:INTC,3/21/2017,35.04,22.81455
NasdaqGS:INTC,3/22/2017,35.37,19.1445
NasdaqGS:INTC,3/23/2017,35.27,20.64035
NasdaqGS:INTC,3/24/2017,35.16,22.18796
NasdaqGS:INTC,3/27/2017,35.39,16.99224
NasdaqGS:INTC,3/28/2017,35.6,18.39815
NasdaqGS:INTC,3/29/2017,35.57,17.20264
NasdaqGS:INTC,3/30/2017,35.75,16.43295
NasdaqGS:INTC,3/31/2017,36.07,21.43839
NasdaqGS:INTC,4/3/2017,36.16,32.01364
NasdaqGS:INTC,4/4/2017,36.28,18.91805
NasdaqGS:INTC,4/5/2017,36.22,22.45553
NasdaqGS:INTC,4/6/2017,36.03,20.19822
NasdaqGS:INTC,4/7/2017,36.03,15.68951
NasdaqGS:INTC,4/10/2017,35.8,19.97372
NasdaqGS:INTC,4/11/2017,35.74,22.71183
NasdaqGS:INTC,4/12/2017,35.63,19.28979
NasdaqGS:INTC,4/13/2017,35.25,15.764
NasdaqGS:INTC,4/17/2017,35.48,12.56075
NasdaqGS:INTC,4/18/2017,35.765,12.32105
NasdaqGS:INTC,4/19/2017,35.91,16.59464
NasdaqGS:INTC,4/20/2017,36.18,22.96826
NasdaqGS:INTC,4/21/2017,36.32,20.39051
NasdaqGS:INTC,4/24/2017,36.75,26.30576
NasdaqGS:INTC,4/25/2017,36.87,22.06678
NasdaqGS:INTC,4/26/2017,36.93,27.24099
NasdaqGS:INTC,4/27/2017,37.43,39.88997
NasdaqGS:INTC,4/28/2017,36.15,56.76926
NasdaqGS:INTC,5/1/2017,36.31,24.82561
NasdaqGS:INTC,5/2/2017,36.97,35.81302
NasdaqGS:INTC,5/3/2017,36.98,22.04026
NasdaqGS:INTC,5/4/2017,36.85,16.43709
NasdaqGS:INTC,5/5/2017,36.82,18.11924
NasdaqGS:INTC,5/8/2017,36.54,17.66021
NasdaqGS:INTC,5/9/2017,36.37,17.81914
NasdaqGS:INTC,5/10/2017,36.01,25.13382
NasdaqGS:INTC,5/11/2017,35.69,21.50892
NasdaqGS:INTC,5/12/2017,35.53,19.73084
NasdaqGS:INTC,5/15/2017,35.63,22.12014
NasdaqGS:INTC,5/16/2017,35.82,22.29184
NasdaqGS:INTC,5/17/2017,35.04,26.67019
NasdaqGS:INTC,5/18/2017,35.22,17.17187
NasdaqGS:INTC,5/19/2017,35.4,18.34013
NasdaqGS:INTC,5/22/2017,35.77,14.63807
NasdaqGS:INTC,5/23/2017,35.86,16.9037
NasdaqGS:INTC,5/24/2017,36.12,20.86026
NasdaqGS:INTC,5/25/2017,36.26,13.14854
NasdaqGS:INTC,5/26/2017,36.26,11.14552
NasdaqGS:INTC,5/30/2017,36.18,13.02692
NasdaqGS:INTC,5/31/2017,36.11,17.7419
NasdaqGS:INTC,6/1/2017,36.12,17.51092
NasdaqGS:INTC,6/2/2017,36.32,19.12742
NasdaqGS:INTC,6/5/2017,36.34,11.6857
NasdaqGS:INTC,6/6/2017,36.13,18.42093
NasdaqGS:INTC,6/7/2017,36.26,17.19198
NasdaqGS:INTC,6/8/2017,36.48,17.15417
NasdaqGS:INTC,6/9/2017,35.71,33.32205
NasdaqGS:INTC,6/12/2017,35.73,28.47481
NasdaqGS:INTC,6/13/2017,35.88,20.58825
NasdaqGS:INTC,6/14/2017,35.53,19.14902
NasdaqGS:INTC,6/15/2017,35.31,20.41001
NasdaqGS:INTC,6/16/2017,35.21,30.76278
NasdaqGS:INTC,6/19/2017,34.68,21.58375
NasdaqGS:INTC,6/20/2017,34.68,21.53651
NasdaqGS:INTC,6/21/2017,34.68,27.13849
NasdaqGS:INTC,6/22/2017,34.19,24.60291
NasdaqGS:INTC,6/23/2017,34.19,29.26089
NasdaqGS:INTC,6/26/2017,34.07,18.85477
NasdaqGS:INTC,6/27/2017,33.65,27.07892
NasdaqGS:INTC,6/28/2017,34.2,25.94006
NasdaqGS:INTC,6/29/2017,33.54,25.21566
NasdaqGS:INTC,6/30/2017,33.74,24.43202
NasdaqGS:INTC,7/3/2017,33.46,12.67689
NasdaqGS:INTC,7/4/2017,33.46,0
NasdaqGS:INTC,7/5/2017,34.34,30.0108
NasdaqGS:INTC,7/6/2017,33.63,20.73319
NasdaqGS:INTC,7/7/2017,33.88,18.30446
NasdaqGS:INTC,7/10/2017,33.65,29.91844
NasdaqGS:INTC,7/11/2017,33.92,25.73754
NasdaqGS:INTC,7/12/2017,34.25,23.76834
NasdaqGS:INTC,7/13/2017,34.24,15.0462
NasdaqGS:INTC,7/14/2017,34.68,16.31635
NasdaqGS:INTC,7/17/2017,34.47,21.04441
NasdaqGS:INTC,7/18/2017,34.53,14.36283
NasdaqGS:INTC,7/19/2017,34.56,17.0362
NasdaqGS:INTC,7/20/2017,34.75,17.50622
NasdaqGS:INTC,7/21/2017,34.73,22.24504
NasdaqGS:INTC,7/24/2017,34.5,16.14628
NasdaqGS:INTC,7/25/2017,34.67,18.09668
NasdaqGS:INTC,7/26/2017,34.75,15.49932
